event_id,title,description,venue,event_date,url,source,location,start_date,end_date,attending,music_types,venue_lat,venue_lon,stored_at
RAEvents_0_1762195494.47991,aux: local clubnight,1. aux: local clubnight 📍 AUX Club 📅 2025-11-07 at 23:59 👥 73 attending 🔗 https://ra.co/events/2295976,AUX Club,2025-11-07,https://ra.co/events/2295976,RAEvents,athens,2025-11-07,2025-11-09,73,,,,2025-11-03T20:44:54.479918
RAEvents_1_1762195494.479923,Marie Vaunt - Oddity,2. Marie Vaunt - Oddity 📍 Oddity Club 📅 2025-11-07 at 23:59 👥 46 attending 🔗 https://ra.co/events/2281089,Oddity Club,2025-11-07,https://ra.co/events/2281089,RAEvents,athens,2025-11-07,2025-11-09,46,,,,2025-11-03T20:44:54.479925
RAEvents_2_1762195494.479926,Tough Titties - Next Episode,3. Tough Titties - Next Episode 📍 IT Athens 📅 2025-11-07 at 23:30 👥 15 attending 🔗 https://ra.co/events/2285654,IT Athens,2025-11-07,https://ra.co/events/2285654,RAEvents,athens,2025-11-07,2025-11-09,15,,,,2025-11-03T20:44:54.479928
RAEvents_3_1762195494.479929,VERSES GT: Jacques Greene & Nosaj Thing,4. VERSES GT: Jacques Greene & Nosaj Thing 📍 Romantso 📅 2025-11-07 at 20:30 👥 11 attending 🔗 https://ra.co/events/2272084,Romantso,2025-11-07,https://ra.co/events/2272084,RAEvents,athens,2025-11-07,2025-11-09,11,,,,2025-11-03T20:44:54.479930
RAEvents_4_1762195494.47993,Romantso CLUB NIGHT: Kalyjama • Maaantz • Mat|toni,5. Romantso CLUB NIGHT: Kalyjama • Maaantz • Mat|toni 📍 Romantso 📅 2025-11-07 at 23:59 👥 1 attending 🔗 https://ra.co/events/2294477,Romantso,2025-11-07,https://ra.co/events/2294477,RAEvents,athens,2025-11-07,2025-11-09,1,,,,2025-11-03T20:44:54.479931
RAEvents_5_1762195494.479932,Bonso / Idiom / Roussos,6. Bonso / Idiom / Roussos 📍 Astron Club 📅 2025-11-07 at 23:00 👥 1 attending 🔗 https://ra.co/events/2296309,Astron Club,2025-11-07,https://ra.co/events/2296309,RAEvents,athens,2025-11-07,2025-11-09,1,,,,2025-11-03T20:44:54.479933
RAEvents_6_1762195494.479934,Loo - All Night Long,7. Loo - All Night Long 📍 Cantina Social 📅 2025-11-07 at 23:00 👥 0 attending 🔗 https://ra.co/events/2296518,Cantina Social,2025-11-07,https://ra.co/events/2296518,RAEvents,athens,2025-11-07,2025-11-09,0,,,,2025-11-03T20:44:54.479935
RAEvents_7_1762195494.479936,Love Issues,8. Love Issues 📍 Ypsilon 📅 2025-11-07 at 22:00 👥 0 attending 🔗 https://ra.co/events/2296573,Ypsilon,2025-11-07,https://ra.co/events/2296573,RAEvents,athens,2025-11-07,2025-11-09,0,,,,2025-11-03T20:44:54.479937
RAEvents_8_1762195494.479938,Purple Night,9. Purple Night 📍 Zed Athens 📅 2025-11-08 at 23:59 👥 33 attending 🔗 https://ra.co/events/2287324,Zed Athens,2025-11-08,https://ra.co/events/2287324,RAEvents,athens,2025-11-07,2025-11-09,33,,,,2025-11-03T20:44:54.479939
RAEvents_9_1762195494.47994,SMUT x D-Leria x Figkott x Vani Vachi,10. SMUT x D-Leria x Figkott x Vani Vachi 📍 SMUT Athens 📅 2025-11-08 at 23:59 👥 20 attending 🔗 https://ra.co/events/2215981,SMUT Athens,2025-11-08,https://ra.co/events/2215981,RAEvents,athens,2025-11-07,2025-11-09,20,,,,2025-11-03T20:44:54.479941
RAEvents_10_1762195494.479942,PHOTON ATHENS,11. PHOTON ATHENS 📍 Universe Athens 📅 2025-11-08 at 23:00 👥 128 attending 🔗 https://ra.co/events/2206552,Universe Athens,2025-11-08,https://ra.co/events/2206552,RAEvents,athens,2025-11-07,2025-11-09,128,,,,2025-11-03T20:44:54.479943
RAEvents_11_1762195494.479944,Space Tunes 1st Birthday,12. Space Tunes 1st Birthday 📍 Romantso 📅 2025-11-08 at 23:59 👥 60 attending 🔗 https://ra.co/events/2286714,Romantso,2025-11-08,https://ra.co/events/2286714,RAEvents,athens,2025-11-07,2025-11-09,60,,,,2025-11-03T20:44:54.479945
RAEvents_12_1762195494.479946,Astron pres. Unhuman (BITE - Berlin),13. Astron pres. Unhuman (BITE - Berlin) 📍 Astron Club 📅 2025-11-08 at 23:00 👥 12 attending 🔗 https://ra.co/events/2288001,Astron Club,2025-11-08,https://ra.co/events/2288001,RAEvents,athens,2025-11-07,2025-11-09,12,,,,2025-11-03T20:44:54.479947
RAEvents_13_1762195494.479948,VERSES GT: Jacques Greene & Nosaj Thing,14. VERSES GT: Jacques Greene & Nosaj Thing 📍 Romantso 📅 2025-11-07 at 20:30 👥 11 attending 🔗 https://ra.co/events/2272084,Romantso,2025-11-07,https://ra.co/events/2272084,RAEvents,athens,2025-11-07,2025-11-09,11,,,,2025-11-03T20:44:54.479948
RAEvents_14_1762195494.479949,Techno Underdogs,15. Techno Underdogs 📍 IT Athens 📅 2025-11-08 at 23:59 👥 8 attending 🔗 https://ra.co/events/2290499,IT Athens,2025-11-08,https://ra.co/events/2290499,RAEvents,athens,2025-11-07,2025-11-09,8,,,,2025-11-03T20:44:54.479950
RAEvents_15_1762195494.479951,YOU ARE WHAT YOU DANCE,16. YOU ARE WHAT YOU DANCE 📍 Skull Bar 📅 2025-11-08 at 05:00 👥 7 attending 🔗 https://ra.co/events/2263631,Skull Bar,2025-11-08,https://ra.co/events/2263631,RAEvents,athens,2025-11-07,2025-11-09,7,,,,2025-11-03T20:44:54.479952
RAEvents_16_1762195494.479953,Colorblind Warehouse x SPFDJ At We,17. Colorblind Warehouse x SPFDJ At We 📍 WE club 📅 2025-11-08 at 23:59 👥 6 attending 🔗 https://ra.co/events/2285656,WE club,2025-11-08,https://ra.co/events/2285656,RAEvents,athens,2025-11-07,2025-11-09,6,,,,2025-11-03T20:44:54.479954
RAEvents_17_1762195494.479955,RENDER (Sangoma Records)- presented by Naughty Frequency & Lysergic Union ACID NIGHT,18. RENDER (Sangoma Records)- presented by Naughty Frequency & Lysergic Union ACID NIGHT 📍 Arch Club - Grammes 📅 2025-11-08 at 23:00 👥 4 attending 🔗 https://ra.co/events/2289359,Arch Club - Grammes,2025-11-08,https://ra.co/events/2289359,RAEvents,athens,2025-11-07,2025-11-09,4,,,,2025-11-03T20:44:54.479956
RAEvents_18_1762195494.479957,HARDVISION X BLACK TEMPLE SHOWCASE,19. HARDVISION X BLACK TEMPLE SHOWCASE 📍 Temple Athens 📅 2025-11-08 at 23:59 👥 2 attending 🔗 https://ra.co/events/2290771,Temple Athens,2025-11-08,https://ra.co/events/2290771,RAEvents,athens,2025-11-07,2025-11-09,2,,,,2025-11-03T20:44:54.479958
RAEvents_19_1762195494.479958,MJW - All Night Long,20. MJW - All Night Long 📍 Cantina Social 📅 2025-11-08 at 23:00 👥 0 attending 🔗 https://ra.co/events/2296523,Cantina Social,2025-11-08,https://ra.co/events/2296523,RAEvents,athens,2025-11-07,2025-11-09,0,,,,2025-11-03T20:44:54.479959
RAEvents_20_1762195494.47996,"REVOLT x SPACE TUNES with 22, Liou, Nausicaä + SPECIAL GUEST","21. REVOLT x SPACE TUNES with 22, Liou, Nausicaä + SPECIAL GUEST 📍 TBA - Secret Location 📅 2025-11-09 at 07:00 👥 84 attending 🔗 https://ra.co/events/2294341",TBA - Secret Location,2025-11-09,https://ra.co/events/2294341,RAEvents,athens,2025-11-07,2025-11-09,84,,,,2025-11-03T20:44:54.479961
RAEvents_21_1762195494.479962,BaleAthens,22. BaleAthens 📍 Burger Disco Club 📅 2025-11-09 at 20:00 👥 11 attending 🔗 https://ra.co/events/2197436,Burger Disco Club,2025-11-09,https://ra.co/events/2197436,RAEvents,athens,2025-11-07,2025-11-09,11,,,,2025-11-03T20:44:54.479963
RAEvents_22_1762195494.479964,Rista,23. Rista 📍 Cantina Social 📅 2025-11-09 at 21:00 👥 0 attending 🔗 https://ra.co/events/2296528 ✅ Found 23 events. Visit ra.co for complete details.,Cantina Social,2025-11-09,https://ra.co/events/2296528,RAEvents,athens,2025-11-07,2025-11-09,0,,,,2025-11-03T20:44:54.479965
GOOUTEvents_23_1762195494.480097,Marie Vaunt - Oddity,"1. Marie Vaunt - Oddity 📍 Ηρακλειδών 61, Αθήνα 118 54, Ελλάδα 📅 2025-11-07 at 21:55 🔗 https://www.go-out.co/event/marievaunt","Ηρακλειδών 61, Αθήνα 118 54, Ελλάδα",2025-11-07,https://www.go-out.co/event/marievaunt,GOOUTEvents,athens,2025-11-07,2025-11-09,,,,,2025-11-03T20:44:54.480098
GOOUTEvents_24_1762195494.480099,LOVE GENERATION at COZMO | FRIDAY 7 NOV,"2. LOVE GENERATION at COZMO | FRIDAY 7 NOV 📍 COZMO Athens, Leoforos Vouliagmenis, Athens, Greece 📅 2025-11-07 at 23:00 🔗 https://www.go-out.co/event/lovegenerationcozmo4","COZMO Athens, Leoforos Vouliagmenis, Athens, Greece",2025-11-07,https://www.go-out.co/event/lovegenerationcozmo4,GOOUTEvents,athens,2025-11-07,2025-11-09,,,,,2025-11-03T20:44:54.480100
GOOUTEvents_25_1762195494.480101,T4KEOVER SERIES EP.3 | ODDITY CLUB ATHENS,"3. T4KEOVER SERIES EP.3 | ODDITY CLUB ATHENS 📍 Iraklidon 61, Athina 118 54, Greece 📅 2025-11-08 at 21:00 🔗 https://www.go-out.co/event/takeoveroddity","Iraklidon 61, Athina 118 54, Greece",2025-11-08,https://www.go-out.co/event/takeoveroddity,GOOUTEvents,athens,2025-11-07,2025-11-09,,,,,2025-11-03T20:44:54.480101
GOOUTEvents_26_1762195494.480102,SATURDAY JAMZ at COZMO | 8 NOVEMBER,"4. SATURDAY JAMZ at COZMO | 8 NOVEMBER 📍 Leof. Vouliagmenis 22, Athina 117 43, Greece 📅 2025-11-08 at 23:00 🎵 אחר 🔗 https://www.go-out.co/event/satyrdayjamz","Leof. Vouliagmenis 22, Athina 117 43, Greece",2025-11-08,https://www.go-out.co/event/satyrdayjamz,GOOUTEvents,athens,2025-11-07,2025-11-09,,אחר,,,2025-11-03T20:44:54.480103
GOOUTEvents_27_1762195494.480104,Charlie at Varvakeios Agora,"5. Charlie at Varvakeios Agora 📍 Αριστογείτονος 1, Αθήνα 105 51, Ελλάδα 📅 2025-11-09 at 17:00 🎵 מיינסטרים 🔗 https://www.go-out.co/event/1761311539964","Αριστογείτονος 1, Αθήνα 105 51, Ελλάδα",2025-11-09,https://www.go-out.co/event/1761311539964,GOOUTEvents,athens,2025-11-07,2025-11-09,,מיינסטרים,,,2025-11-03T20:44:54.480105
GOOUTEvents_28_1762195494.480106,MUZIK SAVEZ X 88 BUTTERFLY |COZMO | 9 NOV,"6. MUZIK SAVEZ X 88 BUTTERFLY |COZMO | 9 NOV 📍 COZMO Athens, Leoforos Vouliagmenis, Athens, Greece 📅 2025-11-09 at 21:00 🔗 https://www.go-out.co/event/muziksavezcozmo1 ✅ Found 6 events. Visit go-out.co for complete details.","COZMO Athens, Leoforos Vouliagmenis, Athens, Greece",2025-11-09,https://www.go-out.co/event/muziksavezcozmo1,GOOUTEvents,athens,2025-11-07,2025-11-09,,,,,2025-11-03T20:44:54.480107
RAEvents_0_1762195598.479622,aux: local clubnight,1. aux: local clubnight 📍 AUX Club 📅 2025-11-07 at 23:59 👥 75 attending 🔗 https://ra.co/events/2295976,AUX Club,2025-11-07,https://ra.co/events/2295976,RAEvents,athens,2025-11-07,2025-11-07,75,,,,2025-11-03T20:46:38.479627
RAEvents_1_1762195598.479631,Marie Vaunt - Oddity,2. Marie Vaunt - Oddity 📍 Oddity Club 📅 2025-11-07 at 23:59 👥 46 attending 🔗 https://ra.co/events/2281089,Oddity Club,2025-11-07,https://ra.co/events/2281089,RAEvents,athens,2025-11-07,2025-11-07,46,,,,2025-11-03T20:46:38.479632
RAEvents_2_1762195598.479633,Tough Titties - Next Episode,3. Tough Titties - Next Episode 📍 IT Athens 📅 2025-11-07 at 23:30 👥 15 attending 🔗 https://ra.co/events/2285654,IT Athens,2025-11-07,https://ra.co/events/2285654,RAEvents,athens,2025-11-07,2025-11-07,15,,,,2025-11-03T20:46:38.479634
RAEvents_3_1762195598.479636,VERSES GT: Jacques Greene & Nosaj Thing,4. VERSES GT: Jacques Greene & Nosaj Thing 📍 Romantso 📅 2025-11-07 at 20:30 👥 11 attending 🔗 https://ra.co/events/2272084,Romantso,2025-11-07,https://ra.co/events/2272084,RAEvents,athens,2025-11-07,2025-11-07,11,,,,2025-11-03T20:46:38.479637
RAEvents_4_1762195598.479638,Romantso CLUB NIGHT: Kalyjama • Maaantz • Mat|toni,5. Romantso CLUB NIGHT: Kalyjama • Maaantz • Mat|toni 📍 Romantso 📅 2025-11-07 at 23:59 👥 1 attending 🔗 https://ra.co/events/2294477,Romantso,2025-11-07,https://ra.co/events/2294477,RAEvents,athens,2025-11-07,2025-11-07,1,,,,2025-11-03T20:46:38.479639
RAEvents_5_1762195598.479639,Bonso / Idiom / Roussos,6. Bonso / Idiom / Roussos 📍 Astron Club 📅 2025-11-07 at 23:00 👥 1 attending 🔗 https://ra.co/events/2296309,Astron Club,2025-11-07,https://ra.co/events/2296309,RAEvents,athens,2025-11-07,2025-11-07,1,,,,2025-11-03T20:46:38.479640
RAEvents_6_1762195598.479641,Loo - All Night Long,7. Loo - All Night Long 📍 Cantina Social 📅 2025-11-07 at 23:00 👥 0 attending 🔗 https://ra.co/events/2296518,Cantina Social,2025-11-07,https://ra.co/events/2296518,RAEvents,athens,2025-11-07,2025-11-07,0,,,,2025-11-03T20:46:38.479642
RAEvents_7_1762195598.479643,Love Issues,8. Love Issues 📍 Ypsilon 📅 2025-11-07 at 22:00 👥 0 attending 🔗 https://ra.co/events/2296573,Ypsilon,2025-11-07,https://ra.co/events/2296573,RAEvents,athens,2025-11-07,2025-11-07,0,,,,2025-11-03T20:46:38.479644
RAEvents_8_1762195598.479645,VERSES GT: Jacques Greene & Nosaj Thing,9. VERSES GT: Jacques Greene & Nosaj Thing 📍 Romantso 📅 2025-11-07 at 20:30 👥 11 attending 🔗 https://ra.co/events/2272084 ✅ Found 9 events. Visit ra.co for complete details.,Romantso,2025-11-07,https://ra.co/events/2272084,RAEvents,athens,2025-11-07,2025-11-07,11,,,,2025-11-03T20:46:38.479646
GOOUTEvents_9_1762195598.479713,Marie Vaunt - Oddity,"1. Marie Vaunt - Oddity 📍 Ηρακλειδών 61, Αθήνα 118 54, Ελλάδα 📅 2025-11-07 at 21:55 🔗 https://www.go-out.co/event/marievaunt","Ηρακλειδών 61, Αθήνα 118 54, Ελλάδα",2025-11-07,https://www.go-out.co/event/marievaunt,GOOUTEvents,athens,2025-11-07,2025-11-07,,,,,2025-11-03T20:46:38.479714
GOOUTEvents_10_1762195598.479716,LOVE GENERATION at COZMO | FRIDAY 7 NOV,"2. LOVE GENERATION at COZMO | FRIDAY 7 NOV 📍 COZMO Athens, Leoforos Vouliagmenis, Athens, Greece 📅 2025-11-07 at 23:00 🔗 https://www.go-out.co/event/lovegenerationcozmo4 ✅ Found 2 events. Visit go-out.co for complete details.","COZMO Athens, Leoforos Vouliagmenis, Athens, Greece",2025-11-07,https://www.go-out.co/event/lovegenerationcozmo4,GOOUTEvents,athens,2025-11-07,2025-11-07,,,,,2025-11-03T20:46:38.479717
RAEvents_0_1762195667.301001,"REVOLT x SPACE TUNES with 22, Liou, Nausicaä + SPECIAL GUEST","1. REVOLT x SPACE TUNES with 22, Liou, Nausicaä + SPECIAL GUEST 📍 TBA - Secret Location 📅 2025-11-09 at 07:00 👥 84 attending 🔗 https://ra.co/events/2294341",TBA - Secret Location,2025-11-09,https://ra.co/events/2294341,RAEvents,athens,2025-11-09,2025-11-09,84,,,,2025-11-03T20:47:47.301008
RAEvents_1_1762195667.301012,BaleAthens,2. BaleAthens 📍 Burger Disco Club 📅 2025-11-09 at 20:00 👥 11 attending 🔗 https://ra.co/events/2197436,Burger Disco Club,2025-11-09,https://ra.co/events/2197436,RAEvents,athens,2025-11-09,2025-11-09,11,,,,2025-11-03T20:47:47.301014
RAEvents_2_1762195667.301015,Rista,3. Rista 📍 Cantina Social 📅 2025-11-09 at 21:00 👥 0 attending 🔗 https://ra.co/events/2296528 ✅ Found 3 events. Visit ra.co for complete details.,Cantina Social,2025-11-09,https://ra.co/events/2296528,RAEvents,athens,2025-11-09,2025-11-09,0,,,,2025-11-03T20:47:47.301016
GOOUTEvents_3_1762195667.301111,Charlie at Varvakeios Agora,"1. Charlie at Varvakeios Agora 📍 Αριστογείτονος 1, Αθήνα 105 51, Ελλάδα 📅 2025-11-09 at 17:00 🎵 מיינסטרים 🔗 https://www.go-out.co/event/1761311539964","Αριστογείτονος 1, Αθήνα 105 51, Ελλάδα",2025-11-09,https://www.go-out.co/event/1761311539964,GOOUTEvents,athens,2025-11-09,2025-11-09,,מיינסטרים,,,2025-11-03T20:47:47.301113
GOOUTEvents_4_1762195667.301114,MUZIK SAVEZ X 88 BUTTERFLY |COZMO | 9 NOV,"2. MUZIK SAVEZ X 88 BUTTERFLY |COZMO | 9 NOV 📍 COZMO Athens, Leoforos Vouliagmenis, Athens, Greece 📅 2025-11-09 at 21:00 🔗 https://www.go-out.co/event/muziksavezcozmo1 ✅ Found 2 events. Visit go-out.co for complete details.","COZMO Athens, Leoforos Vouliagmenis, Athens, Greece",2025-11-09,https://www.go-out.co/event/muziksavezcozmo1,GOOUTEvents,athens,2025-11-09,2025-11-09,,,,,2025-11-03T20:47:47.301115
RAEvents_0_1762202370.922796,Kaizen Klub with Neek • Madam X • Jay Carder • POOR J'DARR B2B Elbarto,1. Kaizen Klub with Neek • Madam X • Jay Carder • POOR J'DARR B2B Elbarto 📍 Romantso 📅 2025-11-14 at 23:00 👥 38 attending 🔗 https://ra.co/events/2289841,Romantso,2025-11-14,https://ra.co/events/2289841,RAEvents,athens,2025-11-10,2025-11-16,38,,,,2025-11-03T22:39:30.922809
RAEvents_1_1762202370.922821,"Toyz PARIS x SMUT w/ Nymed, Delano Legito","2. Toyz PARIS x SMUT w/ Nymed, Delano Legito 📍 SMUT Athens 📅 2025-11-14 at 23:59 👥 16 attending 🔗 https://ra.co/events/2282100",SMUT Athens,2025-11-14,https://ra.co/events/2282100,RAEvents,athens,2025-11-10,2025-11-16,16,,,,2025-11-03T22:39:30.922825
RAEvents_2_1762202370.922827,Marie Pravda / Katra / Ayshel,3. Marie Pravda / Katra / Ayshel 📍 Astron Club 📅 2025-11-14 at 23:00 👥 6 attending 🔗 https://ra.co/events/2292125,Astron Club,2025-11-14,https://ra.co/events/2292125,RAEvents,athens,2025-11-10,2025-11-16,6,,,,2025-11-03T22:39:30.922829
RAEvents_3_1762202370.922831,CAKE,4. CAKE 📍 IT Athens 📅 2025-11-14 at 23:59 👥 3 attending 🔗 https://ra.co/events/2293227,IT Athens,2025-11-14,https://ra.co/events/2293227,RAEvents,athens,2025-11-10,2025-11-16,3,,,,2025-11-03T22:39:30.922833
RAEvents_4_1762202370.922835,"SPEEDBUMPS INVITES: CHERRY, SANTINO ZERVOS","5. SPEEDBUMPS INVITES: CHERRY, SANTINO ZERVOS 📍 AUX Club 📅 2025-11-14 at 23:59 👥 9 attending 🔗 https://ra.co/events/2293635",AUX Club,2025-11-14,https://ra.co/events/2293635,RAEvents,athens,2025-11-10,2025-11-16,9,,,,2025-11-03T22:39:30.922837
RAEvents_5_1762202370.922838,UNUSUAL SUSPECTS,6. UNUSUAL SUSPECTS 📍 Booze Cooperative 📅 2025-11-14 at 22:30 👥 3 attending 🔗 https://ra.co/events/2285849,Booze Cooperative,2025-11-14,https://ra.co/events/2285849,RAEvents,athens,2025-11-10,2025-11-16,3,,,,2025-11-03T22:39:30.922840
RAEvents_6_1762202370.922842,George Apergis / Talantösis / Noetic Curve at Mercado Pirgos,7. George Apergis / Talantösis / Noetic Curve at Mercado Pirgos 📍 Mercado Bar 📅 2025-11-14 at 23:00 👥 1 attending 🔗 https://ra.co/events/2296027,Mercado Bar,2025-11-14,https://ra.co/events/2296027,RAEvents,athens,2025-11-10,2025-11-16,1,,,,2025-11-03T22:39:30.922843
RAEvents_7_1762202370.922845,Ben Biron All Night Long at ZED,8. Ben Biron All Night Long at ZED 📍 Zed Athens 📅 2025-11-14 at 23:00 👥 1 attending 🔗 https://ra.co/events/2289644,Zed Athens,2025-11-14,https://ra.co/events/2289644,RAEvents,athens,2025-11-10,2025-11-16,1,,,,2025-11-03T22:39:30.922846
RAEvents_8_1762202370.922848,Coma x SMUT pres. Sandwell District + Wata Igarashi,9. Coma x SMUT pres. Sandwell District + Wata Igarashi 📍 SMUT Athens 📅 2025-11-15 at 23:59 👥 48 attending 🔗 https://ra.co/events/2283045,SMUT Athens,2025-11-15,https://ra.co/events/2283045,RAEvents,athens,2025-11-10,2025-11-16,48,,,,2025-11-03T22:39:30.922850
RAEvents_9_1762202370.922851,Blend X SEDS with DJ Gigola,10. Blend X SEDS with DJ Gigola 📍 Oddity Club 📅 2025-11-15 at 23:30 👥 9 attending 🔗 https://ra.co/events/2287773,Oddity Club,2025-11-15,https://ra.co/events/2287773,RAEvents,athens,2025-11-10,2025-11-16,9,,,,2025-11-03T22:39:30.922853
RAEvents_10_1762202370.922855,Astron pres. MUTANT MODALITY with Ottoman Grüw,11. Astron pres. MUTANT MODALITY with Ottoman Grüw 📍 Astron Club 📅 2025-11-15 at 23:00 👥 6 attending 🔗 https://ra.co/events/2294296,Astron Club,2025-11-15,https://ra.co/events/2294296,RAEvents,athens,2025-11-10,2025-11-16,6,,,,2025-11-03T22:39:30.922856
RAEvents_11_1762202370.922858,Siege,12. Siege 📍 The Host 📅 2025-11-15 at 23:00 👥 5 attending 🔗 https://ra.co/events/2293671,The Host,2025-11-15,https://ra.co/events/2293671,RAEvents,athens,2025-11-10,2025-11-16,5,,,,2025-11-03T22:39:30.922859
RAEvents_12_1762202370.922861,Excellent Life Choices,13. Excellent Life Choices 📍 Kolokotroni 9 📅 2025-11-15 at 23:00 👥 2 attending 🔗 https://ra.co/events/2291457,Kolokotroni 9,2025-11-15,https://ra.co/events/2291457,RAEvents,athens,2025-11-10,2025-11-16,2,,,,2025-11-03T22:39:30.922862
RAEvents_13_1762202370.922864,Hard Wave Events — S2E2 — Black Temple with KONTRAST (Stephan Krus b2b RÄV),14. Hard Wave Events — S2E2 — Black Temple with KONTRAST (Stephan Krus b2b RÄV) 📍 Temple Athens 📅 2025-11-15 at 23:00 👥 1 attending 🔗 https://ra.co/events/2295580,Temple Athens,2025-11-15,https://ra.co/events/2295580,RAEvents,athens,2025-11-10,2025-11-16,1,,,,2025-11-03T22:39:30.922865
RAEvents_14_1762202370.922867,Guestzone with Eleou,15. Guestzone with Eleou 📍 Cannibal Radio 📅 2025-11-15 at 18:00 👥 0 attending 🔗 https://ra.co/events/2294692,Cannibal Radio,2025-11-15,https://ra.co/events/2294692,RAEvents,athens,2025-11-10,2025-11-16,0,,,,2025-11-03T22:39:30.922868
RAEvents_15_1762202370.92287,House On The Beach,16. House On The Beach 📍 Burger Disco Club 📅 2025-11-16 at 19:00 👥 2 attending 🔗 https://ra.co/events/2284454,Burger Disco Club,2025-11-16,https://ra.co/events/2284454,RAEvents,athens,2025-11-10,2025-11-16,2,,,,2025-11-03T22:39:30.922871
RAEvents_16_1762202370.922873,Guestzone with Eleou,17. Guestzone with Eleou 📍 Cannibal Radio 📅 2025-11-15 at 18:00 👥 0 attending 🔗 https://ra.co/events/2294692 ✅ Found 17 events. Visit ra.co for complete details.,Cannibal Radio,2025-11-15,https://ra.co/events/2294692,RAEvents,athens,2025-11-10,2025-11-16,0,,,,2025-11-03T22:39:30.922874
GOOUTEvents_17_1762202370.923562,Ben Biron All Night Long at ZED,"1. Ben Biron All Night Long at ZED 📍 Pl. Theatrou 10, Athina 105 52, Greece 📅 2025-11-14 at 23:00 🎵 טכנו 🔗 https://www.go-out.co/event/benbironzed","Pl. Theatrou 10, Athina 105 52, Greece",2025-11-14,https://www.go-out.co/event/benbironzed,GOOUTEvents,athens,2025-11-10,2025-11-16,,טכנו,,,2025-11-03T22:39:30.923579
GOOUTEvents_18_1762202370.923592,MUZIK SAVEZ pres. YERO | COZMO | 16 NOV,"2. MUZIK SAVEZ pres. YERO | COZMO | 16 NOV 📍 Leof. Vouliagmenis 22, Athina 117 43, Greece 📅 2025-11-16 at 21:00 🔗 https://www.go-out.co/event/cozmoyero ✅ Found 2 events. Visit go-out.co for complete details.","Leof. Vouliagmenis 22, Athina 117 43, Greece",2025-11-16,https://www.go-out.co/event/cozmoyero,GOOUTEvents,athens,2025-11-10,2025-11-16,,,,,2025-11-03T22:39:30.923596
