event_id,title,description,venue,event_date,url,source,location,start_date,end_date,attending,music_types,stored_at
RAEvents_0,SMUT x Dasha Rush x Quelza,"1. SMUT x Dasha Rush x Quelza
📍 SMUT Athens
📅 2025-11-01 at 23:59
👥 90 attending
🔗 https://ra.co/events/2260812",SMUT Athens,2025-11-01,https://ra.co/events/2260812,RAEvents,athens,2025-11-01,2025-11-05,90,,2025-11-01T14:32:22.776208
RAEvents_1,KTK - 01.11 - Zed Athens,"2. KTK - 01.11 - Zed Athens
📍 Zed Athens
📅 2025-11-01 at 23:30
👥 111 attending
🔗 https://ra.co/events/2258958",Zed Athens,2025-11-01,https://ra.co/events/2258958,RAEvents,athens,2025-11-01,2025-11-05,111,,2025-11-01T14:32:22.776233
RAEvents_2,MVMNT pres. Yanamaste,"3. MVMNT pres. Yanamaste
📍 Block 33
📅 2025-11-01 at 23:00
👥 64 attending
🔗 https://ra.co/events/2250182",Block 33,2025-11-01,https://ra.co/events/2250182,RAEvents,athens,2025-11-01,2025-11-05,64,,2025-11-01T14:32:22.776240
RAEvents_3,VOLTAGE Welcomes DEXTRO at Black Temple Athens,"4. VOLTAGE Welcomes DEXTRO at Black Temple Athens
📍 Temple Athens
📅 2025-11-01 at 23:59
👥 59 attending
🔗 https://ra.co/events/2272148",Temple Athens,2025-11-01,https://ra.co/events/2272148,RAEvents,athens,2025-11-01,2025-11-05,59,,2025-11-01T14:32:22.776245
RAEvents_4,Space Progressive Opening Season 25 -26,"5. Space Progressive Opening Season 25 -26
📍 IT Athens
📅 2025-11-01 at 23:59
👥 18 attending
🔗 https://ra.co/events/2281537",IT Athens,2025-11-01,https://ra.co/events/2281537,RAEvents,athens,2025-11-01,2025-11-05,18,,2025-11-01T14:32:22.776250
RAEvents_5,Devika / Bekha Mujiri / BMSK,"6. Devika / Bekha Mujiri / BMSK
📍 Astron Club
📅 2025-11-01 at 23:00
👥 15 attending
🔗 https://ra.co/events/2292131",Astron Club,2025-11-01,https://ra.co/events/2292131,RAEvents,athens,2025-11-01,2025-11-05,15,,2025-11-01T14:32:22.776254
RAEvents_6,SOCIETY 3000,"7. SOCIETY 3000
📍 b•side athens
📅 2025-11-01 at 21:00
👥 11 attending
🔗 https://ra.co/events/2291433",b•side athens,2025-11-01,https://ra.co/events/2291433,RAEvents,athens,2025-11-01,2025-11-05,11,,2025-11-01T14:32:22.776258
RAEvents_7,COORDINATAS PRESENTS NOCTURNAL SECRETS WITH Re.You,"8. COORDINATAS PRESENTS NOCTURNAL SECRETS WITH Re.You
📍 Piree
📅 2025-11-01 at 21:00
👥 8 attending
🔗 https://ra.co/events/2280934",Piree,2025-11-01,https://ra.co/events/2280934,RAEvents,athens,2025-11-01,2025-11-05,8,,2025-11-01T14:32:22.776263
RAEvents_8,BIBA HALLOWEEN PARTY,"9. BIBA HALLOWEEN PARTY
📍 TBA - Biba Speakeasy by Palatine (Ath Axarlian 2-4, Syntagma Sq.)
📅 2025-11-01 at 23:00
👥 7 attending
🔗 https://ra.co/events/2286158","TBA - Biba Speakeasy by Palatine (Ath Axarlian 2-4, Syntagma Sq.)",2025-11-01,https://ra.co/events/2286158,RAEvents,athens,2025-11-01,2025-11-05,7,,2025-11-01T14:32:22.776267
RAEvents_9,Trash x Rave Halloween Edition,"10. Trash x Rave Halloween Edition
📍 Romantso
📅 2025-11-01 at 23:00
👥 8 attending
🔗 https://ra.co/events/2286450",Romantso,2025-11-01,https://ra.co/events/2286450,RAEvents,athens,2025-11-01,2025-11-05,8,,2025-11-01T14:32:22.776272
RAEvents_10,Get Busy Vol.2,"11. Get Busy Vol.2
📍 Plex
📅 2025-11-01 at 21:00
👥 7 attending
🔗 https://ra.co/events/2290857",Plex,2025-11-01,https://ra.co/events/2290857,RAEvents,athens,2025-11-01,2025-11-05,7,,2025-11-01T14:32:22.776276
RAEvents_11,HALLOWEEN BASS PARTY by 555,"12. HALLOWEEN BASS PARTY by 555
📍 Dunk Athens
📅 2025-11-01 at 23:59
👥 5 attending
🔗 https://ra.co/events/2276059",Dunk Athens,2025-11-01,https://ra.co/events/2276059,RAEvents,athens,2025-11-01,2025-11-05,5,,2025-11-01T14:32:22.776281
RAEvents_12,Pigs Kaput - All Night Long,"13. Pigs Kaput - All Night Long
📍 Cantina Social
📅 2025-11-01 at 23:00
👥 4 attending
🔗 https://ra.co/events/2293719",Cantina Social,2025-11-01,https://ra.co/events/2293719,RAEvents,athens,2025-11-01,2025-11-05,4,,2025-11-01T14:32:22.776285
RAEvents_13,Halloween afterhours with Louie Dima & Aristo at Skullbar,"14. Halloween afterhours with Louie Dima & Aristo at Skullbar
📍 Skull Bar
📅 2025-11-01 at 05:00
👥 2 attending
🔗 https://ra.co/events/2291988",Skull Bar,2025-11-01,https://ra.co/events/2291988,RAEvents,athens,2025-11-01,2025-11-05,2,,2025-11-01T14:32:22.776289
RAEvents_14,“Facing the Forests” — KIMI ensemble,"15. “Facing the Forests” — KIMI ensemble
📍 TV Control Center (KET)
📅 2025-11-01 at 21:00
👥 0 attending
🔗 https://ra.co/events/2293329",TV Control Center (KET),2025-11-01,https://ra.co/events/2293329,RAEvents,athens,2025-11-01,2025-11-05,0,,2025-11-01T14:32:22.776293
RAEvents_15,Akylla x Mario The Mixer,"16. Akylla x Mario The Mixer
📍 Crust Basement
📅 2025-11-01 at 23:59
👥 0 attending
🔗 https://ra.co/events/2293383",Crust Basement,2025-11-01,https://ra.co/events/2293383,RAEvents,athens,2025-11-01,2025-11-05,0,,2025-11-01T14:32:22.776297
RAEvents_16,HighOnSugar,"17. HighOnSugar
📍 High On Sugar
📅 2025-11-01 at 23:00
👥 0 attending
🔗 https://ra.co/events/2294391",High On Sugar,2025-11-01,https://ra.co/events/2294391,RAEvents,athens,2025-11-01,2025-11-05,0,,2025-11-01T14:32:22.776302
RAEvents_17,Laura Krieg // Uphor!a // Doric - Ilion Plus,"18. Laura Krieg // Uphor!a // Doric - Ilion Plus
📍 Ilion Plus
📅 2025-11-01 at 21:00
👥 0 attending
🔗 https://ra.co/events/2294945",Ilion Plus,2025-11-01,https://ra.co/events/2294945,RAEvents,athens,2025-11-01,2025-11-05,0,,2025-11-01T14:32:22.776306
RAEvents_18,S.I.Z.E,"19. S.I.Z.E
📍 Burger Disco Club
📅 2025-11-02 at 19:00
👥 6 attending
🔗 https://ra.co/events/2284460",Burger Disco Club,2025-11-02,https://ra.co/events/2284460,RAEvents,athens,2025-11-01,2025-11-05,6,,2025-11-01T14:32:22.776311
RAEvents_19,PEN. / SUNEATER,"20. PEN. / SUNEATER
📍 b•side athens
📅 2025-11-02 at 21:00
👥 4 attending
🔗 https://ra.co/events/2291429",b•side athens,2025-11-02,https://ra.co/events/2291429,RAEvents,athens,2025-11-01,2025-11-05,4,,2025-11-01T14:32:22.776314
RAEvents_20,Balearic Beats,"21. Balearic Beats
📍 TBA - Sensimilia (Panormou & Doukisis Plakentias 129)
📅 2025-11-02 at 17:30
👥 2 attending
🔗 https://ra.co/events/2284446",TBA - Sensimilia (Panormou & Doukisis Plakentias 129),2025-11-02,https://ra.co/events/2284446,RAEvents,athens,2025-11-01,2025-11-05,2,,2025-11-01T14:32:22.776318
RAEvents_21,Insomnia x Eterna,"22. Insomnia x Eterna
📍 Stoa Athens
📅 2025-11-02 at 22:00
👥 2 attending
🔗 https://ra.co/events/2290757",Stoa Athens,2025-11-02,https://ra.co/events/2290757,RAEvents,athens,2025-11-01,2025-11-05,2,,2025-11-01T14:32:22.776321
RAEvents_22,Afterhours with Mikee / Chester Code / Stratos at Skullbar,"23. Afterhours with Mikee / Chester Code / Stratos at Skullbar
📍 Skull Bar
📅 2025-11-02 at 05:00
👥 1 attending
🔗 https://ra.co/events/2293966
✅ Found 23 events. Visit ra.co for complete details.",Skull Bar,2025-11-02,https://ra.co/events/2293966,RAEvents,athens,2025-11-01,2025-11-05,1,,2025-11-01T14:32:22.776324
GOOUTEvents_23,HALLOWEEN NIGHT AT COZMO | SAT 01 NOV,"1. HALLOWEEN NIGHT AT COZMO | SAT 01 NOV
📍 Leof. Vouliagmenis 22, Athina 117 43, Greece
📅 2025-11-01 at 23:00
🔗 https://www.go-out.co/event/saturdaycozmo","Leof. Vouliagmenis 22, Athina 117 43, Greece",2025-11-01,https://www.go-out.co/event/saturdaycozmo,GOOUTEvents,athens,2025-11-01,2025-11-05,,,2025-11-01T14:32:22.776363
GOOUTEvents_24,MOOV at SECRET ROOM | COZMO 01 NOV,"2. MOOV at SECRET ROOM | COZMO 01 NOV
📍 Leof. Vouliagmenis 22, Athina 117 43, Greece
📅 2025-11-01 at 21:45
🔗 https://www.go-out.co/event/moovcozmo","Leof. Vouliagmenis 22, Athina 117 43, Greece",2025-11-01,https://www.go-out.co/event/moovcozmo,GOOUTEvents,athens,2025-11-01,2025-11-05,,,2025-11-01T14:32:22.776368
GOOUTEvents_25,MUZIK SAVEZ “HALLOWEEN EDITION” | COZMO,"3. MUZIK SAVEZ “HALLOWEEN EDITION” | COZMO
📍 Leof. Vouliagmenis 22, Athina 117 43, Greece
📅 2025-11-02 at 21:00
🔗 https://www.go-out.co/event/cozmohalloween
✅ Found 3 events. Visit go-out.co for complete details.","Leof. Vouliagmenis 22, Athina 117 43, Greece",2025-11-02,https://www.go-out.co/event/cozmohalloween,GOOUTEvents,athens,2025-11-01,2025-11-05,,,2025-11-01T14:32:22.776372
RAEvents_0,Marie Vaunt - Oddity,"1. Marie Vaunt - Oddity
📍 Oddity Club
📅 2025-11-07 at 23:59
👥 26 attending
🔗 https://ra.co/events/2281089",Oddity Club,2025-11-07,https://ra.co/events/2281089,RAEvents,athens,,,26,,2025-11-01T14:44:32.895625
RAEvents_1,Tough Titties - Next Episode,"2. Tough Titties - Next Episode
📍 IT Athens
📅 2025-11-07 at 23:30
👥 15 attending
🔗 https://ra.co/events/2285654",IT Athens,2025-11-07,https://ra.co/events/2285654,RAEvents,athens,,,15,,2025-11-01T14:44:32.895630
RAEvents_2,VERSES GT: Jacques Greene & Nosaj Thing,"3. VERSES GT: Jacques Greene & Nosaj Thing
📍 Romantso
📅 2025-11-07 at 20:30
👥 11 attending
🔗 https://ra.co/events/2272084",Romantso,2025-11-07,https://ra.co/events/2272084,RAEvents,athens,,,11,,2025-11-01T14:44:32.895632
RAEvents_3,Romantso CLUB NIGHT: Kalyjama • Maaantz • Mat|toni,"4. Romantso CLUB NIGHT: Kalyjama • Maaantz • Mat|toni
📍 Romantso
📅 2025-11-07 at 23:59
👥 1 attending
🔗 https://ra.co/events/2294477",Romantso,2025-11-07,https://ra.co/events/2294477,RAEvents,athens,,,1,,2025-11-01T14:44:32.895633
RAEvents_4,Purple Night,"5. Purple Night
📍 Zed Athens
📅 2025-11-08 at 23:59
👥 31 attending
🔗 https://ra.co/events/2287324",Zed Athens,2025-11-08,https://ra.co/events/2287324,RAEvents,athens,,,31,,2025-11-01T14:44:32.895634
RAEvents_5,SMUT x D-Leria x Figkott x Vani Vachi,"6. SMUT x D-Leria x Figkott x Vani Vachi
📍 SMUT Athens
📅 2025-11-08 at 23:59
👥 13 attending
🔗 https://ra.co/events/2215981",SMUT Athens,2025-11-08,https://ra.co/events/2215981,RAEvents,athens,,,13,,2025-11-01T14:44:32.895635
RAEvents_6,PHOTON ATHENS,"7. PHOTON ATHENS
📍 Universe Athens
📅 2025-11-08 at 23:00
👥 125 attending
🔗 https://ra.co/events/2206552",Universe Athens,2025-11-08,https://ra.co/events/2206552,RAEvents,athens,,,125,,2025-11-01T14:44:32.895635
RAEvents_7,Space Tunes 1st Birthday,"8. Space Tunes 1st Birthday
📍 Romantso
📅 2025-11-08 at 23:59
👥 53 attending
🔗 https://ra.co/events/2286714",Romantso,2025-11-08,https://ra.co/events/2286714,RAEvents,athens,,,53,,2025-11-01T14:44:32.895636
RAEvents_8,VERSES GT: Jacques Greene & Nosaj Thing,"9. VERSES GT: Jacques Greene & Nosaj Thing
📍 Romantso
📅 2025-11-07 at 20:30
👥 11 attending
🔗 https://ra.co/events/2272084",Romantso,2025-11-07,https://ra.co/events/2272084,RAEvents,athens,,,11,,2025-11-01T14:44:32.895637
RAEvents_9,Astron pres. Unhuman (BITE - Berlin),"10. Astron pres. Unhuman (BITE - Berlin)
📍 Astron Club
📅 2025-11-08 at 23:00
👥 11 attending
🔗 https://ra.co/events/2288001",Astron Club,2025-11-08,https://ra.co/events/2288001,RAEvents,athens,,,11,,2025-11-01T14:44:32.895638
RAEvents_10,YOU ARE WHAT YOU DANCE,"11. YOU ARE WHAT YOU DANCE
📍 Skull Bar
📅 2025-11-08 at 05:00
👥 7 attending
🔗 https://ra.co/events/2263631",Skull Bar,2025-11-08,https://ra.co/events/2263631,RAEvents,athens,,,7,,2025-11-01T14:44:32.895639
RAEvents_11,Colorblind Warehouse x SPFDJ At We,"12. Colorblind Warehouse x SPFDJ At We
📍 WE club
📅 2025-11-08 at 23:59
👥 5 attending
🔗 https://ra.co/events/2285656",WE club,2025-11-08,https://ra.co/events/2285656,RAEvents,athens,,,5,,2025-11-01T14:44:32.895640
RAEvents_12,RENDER (Sangoma Records)- presented by Naughty Frequency & Lysergic Union ACID NIGHT,"13. RENDER (Sangoma Records)- presented by Naughty Frequency & Lysergic Union ACID NIGHT
📍 Arch Club - Grammes
📅 2025-11-08 at 23:00
👥 3 attending
🔗 https://ra.co/events/2289359",Arch Club - Grammes,2025-11-08,https://ra.co/events/2289359,RAEvents,athens,,,3,,2025-11-01T14:44:32.895641
RAEvents_13,Techno Underdogs,"14. Techno Underdogs
📍 IT Athens
📅 2025-11-08 at 23:59
👥 3 attending
🔗 https://ra.co/events/2290499",IT Athens,2025-11-08,https://ra.co/events/2290499,RAEvents,athens,,,3,,2025-11-01T14:44:32.895642
RAEvents_14,HARDVISION X BLACK TEMPLE SHOWCASE,"15. HARDVISION X BLACK TEMPLE SHOWCASE
📍 Temple Athens
📅 2025-11-08 at 23:59
👥 2 attending
🔗 https://ra.co/events/2290771",Temple Athens,2025-11-08,https://ra.co/events/2290771,RAEvents,athens,,,2,,2025-11-01T14:44:32.895643
RAEvents_15,"REVOLT x SPACE TUNES with 22, Liou, Nausicaä + SPECIAL GUEST","16. REVOLT x SPACE TUNES with 22, Liou, Nausicaä + SPECIAL GUEST
📍 TBA - Secret Location
📅 2025-11-09 at 07:00
👥 72 attending
🔗 https://ra.co/events/2294341",TBA - Secret Location,2025-11-09,https://ra.co/events/2294341,RAEvents,athens,,,72,,2025-11-01T14:44:32.895644
RAEvents_16,BaleAthens,"17. BaleAthens
📍 Burger Disco Club
📅 2025-11-09 at 20:00
👥 10 attending
🔗 https://ra.co/events/2197436
✅ Found 17 events. Visit ra.co for complete details.",Burger Disco Club,2025-11-09,https://ra.co/events/2197436,RAEvents,athens,,,10,,2025-11-01T14:44:32.895644
GOOUTEvents_17,Marie Vaunt - Oddity,"1. Marie Vaunt - Oddity
📍 Ηρακλειδών 61, Αθήνα 118 54, Ελλάδα
📅 2025-11-07 at 21:55
🔗 https://www.go-out.co/event/marievaunt","Ηρακλειδών 61, Αθήνα 118 54, Ελλάδα",2025-11-07,https://www.go-out.co/event/marievaunt,GOOUTEvents,athens,,,,,2025-11-01T14:44:32.895667
GOOUTEvents_18,LOVE GENERATION at COZMO | FRIDAY 7 NOV,"2. LOVE GENERATION at COZMO | FRIDAY 7 NOV
📍 COZMO Athens, Leoforos Vouliagmenis, Athens, Greece
📅 2025-11-07 at 23:00
🎵 מיינסטרים
🔗 https://www.go-out.co/event/lovegenerationcozmo4","COZMO Athens, Leoforos Vouliagmenis, Athens, Greece",2025-11-07,https://www.go-out.co/event/lovegenerationcozmo4,GOOUTEvents,athens,,,,מיינסטרים,2025-11-01T14:44:32.895668
GOOUTEvents_19,T4KEOVER SERIES EP.3 | ODDITY CLUB ATHENS,"3. T4KEOVER SERIES EP.3 | ODDITY CLUB ATHENS
📍 Iraklidon 61, Athina 118 54, Greece
📅 2025-11-08 at 21:00
🔗 https://www.go-out.co/event/takeoveroddity","Iraklidon 61, Athina 118 54, Greece",2025-11-08,https://www.go-out.co/event/takeoveroddity,GOOUTEvents,athens,,,,,2025-11-01T14:44:32.895669
GOOUTEvents_20,Charlie at Varvakeios Agora,"4. Charlie at Varvakeios Agora
📍 Αριστογείτονος 1, Αθήνα 105 51, Ελλάδα
📅 2025-11-09 at 17:00
🎵 מיינסטרים
🔗 https://www.go-out.co/event/1761311539964","Αριστογείτονος 1, Αθήνα 105 51, Ελλάδα",2025-11-09,https://www.go-out.co/event/1761311539964,GOOUTEvents,athens,,,,מיינסטרים,2025-11-01T14:44:32.895670
GOOUTEvents_21,MUZIK SAVEZ X 88 BUTTERFLY |COZMO | 9 NOV,"5. MUZIK SAVEZ X 88 BUTTERFLY |COZMO | 9 NOV
📍 COZMO Athens, Leoforos Vouliagmenis, Athens, Greece
📅 2025-11-09 at 21:00
🔗 https://www.go-out.co/event/muziksavezcozmo1
✅ Found 5 events. Visit go-out.co for complete details.","COZMO Athens, Leoforos Vouliagmenis, Athens, Greece",2025-11-09,https://www.go-out.co/event/muziksavezcozmo1,GOOUTEvents,athens,,,,,2025-11-01T14:44:32.895671
